stemmer,stem,distinct_original_words,originals_sample
snowball,inform,17,"inform, informal, informality, informally, informant, informants, information, informational, informations, informative, informe, informed"
snowball,equal,16,"equal, equaled, equaling, equalities, equality, equalization, equalize, equalized, equalizer, equalizers, equalizing, equall"
snowball,determin,15,"determin, determinability, determinable, determinant, determinants, determinate, determination, determinations, determinative, determine, determined, determinedly"
snowball,oper,15,"oper, operable, operant, operate, operated, operates, operating, operation, operational, operationally, operations, operative"
snowball,direct,14,"direct, directed, directing, direction, directional, directionality, directionally, directions, directive, directives, directivity, directly"
snowball,present,14,"present, presentable, presentation, presentational, presentations, presente, presented, presenter, presenting, presently, presentment, presentments"
snowball,origin,14,"origin, original, originality, originally, originals, originate, originated, originates, originating, origination, originations, originator"
snowball,observ,14,"observ, observable, observance, observances, observant, observation, observational, observations, observe, observed, observer, observers"
snowball,wonder,14,"wonder, wondered, wonderer, wonderful, wonderfully, wonderfulness, wondering, wonderingly, wonderings, wonderment, wonderments, wonderous"
snowball,liber,14,"liber, liberal, liberalism, liberality, liberalization, liberalize, liberalized, liberalizing, liberally, liberals, liberate, liberated"
snowball,admir,14,"admir, admirable, admirably, admiral, admirals, admirant, admiration, admire, admired, admirer, admirers, admires"
snowball,design,14,"design, designate, designated, designates, designating, designation, designations, designe, designed, designedly, designer, designers"
snowball,organ,14,"organ, organe, organic, organically, organism, organisms, organization, organizations, organize, organized, organizers, organizes"
snowball,domin,14,"dominance, dominant, dominantly, dominate, dominated, dominates, dominating, domination, dominations, domineer, domineered, domineering"
snowball,convers,13,"conversable, conversant, conversation, conversational, conversationally, conversations, conversative, converse, conversed, conversely, conversing, conversion"
snowball,respect,13,"respect, respectability, respectable, respectably, respected, respecter, respectful, respectfully, respectfulness, respecting, respective, respectively"
snowball,general,13,"general, generale, generalities, generality, generalization, generalizations, generalize, generalized, generalizing, generall, generalled, generally"
snowball,industri,13,"industri, industrial, industrialism, industrialization, industrialized, industrializing, industrially, industrie, industrier, industries, industrious, industriously"
snowball,relat,13,"relate, related, relater, relates, relating, relation, relational, relations, relative, relatively, relatives, relativity"
snowball,decor,13,"decor, decorate, decorated, decorating, decoration, decorations, decorative, decorativeness, decorator, decorators, decore, decorous"
snowball,nation,13,"nation, national, nationalism, nationalisms, nationalities, nationality, nationalization, nationalize, nationalized, nationalizing, nationally, nationals"
snowball,continu,12,"continual, continually, continuance, continuation, continue, continued, continues, continuing, continuities, continuity, continuous, continuously"
snowball,ration,12,"ration, rational, rationalism, rationality, rationalization, rationalizations, rationalize, rationalized, rationally, rationed, rationing, rations"
snowball,activ,12,"activate, activated, activates, activating, activation, activator, active, actively, actives, activism, activities, activity"
snowball,employ,12,"employ, employables, employe, employed, employement, employer, employers, employes, employing, employment, employments, employs"
snowball,receiv,12,"receiv, receivable, receivables, receival, receivals, receive, receiveable, received, receiver, receivers, receives, receiving"
snowball,command,12,"command, commandant, commanded, commandeered, commandeering, commander, commanders, commanding, commandingly, commandment, commandments, commands"
snowball,prefer,12,"prefer, preferable, preferably, preferance, prefered, preference, preferences, preferment, preferred, preferreds, preferring, prefers"
snowball,collect,12,"collect, collected, collectedly, collectibility, collectible, collecting, collection, collections, collective, collectively, collectives, collects"
snowball,expect,12,"expect, expectable, expectancy, expectant, expectantly, expectation, expectational, expectations, expected, expectedly, expecting, expects"
snowball,local,12,"local, locale, locales, localisms, localities, locality, localization, localize, localized, locally, localness, locals"
snowball,interpret,12,"interpret, interpretable, interpretation, interpretations, interpretative, interprete, interpreted, interpreter, interpreters, interpreting, interpretive, interprets"
snowball,initi,12,"initial, initialed, initially, initials, initiate, initiated, initiates, initiating, initiation, initiative, initiatives, initiator"
snowball,affect,11,"affect, affectation, affectations, affected, affectedly, affecting, affectingly, affection, affectioned, affections, affects"
snowball,oblig,11,"obligate, obligated, obligates, obligation, obligational, obligations, oblige, obliged, obliges, obliging, obligingly"
snowball,depend,11,"depend, dependable, dependant, depended, dependence, dependencies, dependency, dependent, dependents, depending, depends"
snowball,desir,11,"desir, desirability, desirable, desirableness, desire, desireable, desired, desirer, desires, desiring, desirous"
snowball,object,11,"object, objected, objecting, objection, objections, objective, objectively, objectiveness, objectives, objectivity, objects"
snowball,express,11,"express, expresse, expressed, expresses, expressible, expressing, expression, expressions, expressive, expressively, expressiveness"
snowball,communic,11,"communicable, communicate, communicated, communicates, communicating, communication, communicational, communications, communicative, communicator, communicators"
snowball,sever,11,"sever, several, severally, severance, severe, severed, severely, severing, severity, severly, severs"
snowball,prepar,11,"prepar, preparation, preparations, preparative, preparatives, prepare, prepared, preparer, preparers, prepares, preparing"
snowball,hesit,11,"hesitance, hesitancy, hesitant, hesitantly, hesitate, hesitated, hesitates, hesitating, hesitatingly, hesitation, hesitations"
snowball,critic,11,"critic, critical, criticality, critically, criticism, criticisms, criticize, criticized, criticizes, criticizing, critics"
snowball,irrit,11,"irritability, irritable, irritably, irritant, irritants, irritate, irritated, irritates, irritating, irritation, irritations"
snowball,final,11,"final, finale, finales, finality, finalization, finalize, finalized, finalizes, finalizing, finally, finals"
snowball,altern,11,"altern, alternate, alternated, alternately, alternates, alternating, alternation, alternations, alternative, alternatively, alternatives"
snowball,revel,11,"revel, revelation, revelations, reveled, reveling, revelled, reveller, revellers, revelling, revellings, revels"
snowball,instal,11,"install, installation, installations, installed, installer, installing, installment, installments, installs, instalment, instalments"
snowball,conform,11,"conform, conformable, conformance, conformation, conformational, conformations, conformed, conforming, conformities, conformity, conforms"
snowball,distil,11,"distil, distill, distillate, distillates, distillation, distilled, distiller, distillers, distilling, distills, distilment"
snowball,symbol,11,"symbol, symbolic, symbolical, symbolically, symbolism, symbolize, symbolized, symbolizes, symbolizing, symbolizings, symbols"
snowball,spiral,11,"spiral, spiraled, spiraling, spiralizations, spiralized, spiralizes, spiralizing, spiralled, spiralling, spirally, spirals"
snowball,excel,10,"excel, excelled, excellence, excellences, excellencies, excellency, excellent, excellently, excelling, excels"
snowball,author,10,"author, authorities, authority, authorization, authorizations, authorize, authorized, authorizes, authorizing, authors"
snowball,cheer,10,"cheer, cheere, cheered, cheerefully, cheerful, cheerfully, cheerfulness, cheering, cheerly, cheers"
snowball,natur,10,"natur, natural, naturalism, naturalized, naturally, naturalness, nature, natured, naturedly, natures"
snowball,visit,10,"visit, visitant, visitants, visitation, visitations, visite, visited, visiting, visitings, visits"
snowball,separ,10,"separable, separate, separated, separately, separateness, separates, separating, separation, separations, separators"
snowball,accept,10,"accept, acceptability, acceptable, acceptably, acceptance, acceptances, acceptation, accepted, accepting, accepts"
snowball,anim,10,"anim, animal, animals, animate, animated, animating, animation, animed, animism, animized"
snowball,question,10,"question, questionable, questionably, questioned, questioner, questioners, questioning, questioningly, questionings, questions"
snowball,reflect,10,"reflect, reflectance, reflected, reflecting, reflection, reflections, reflective, reflectively, reflectiveness, reflects"
snowball,import,10,"import, importance, important, importantly, importation, imported, importer, importers, importing, imports"
snowball,imagin,10,"imaginable, imagination, imaginations, imaginative, imaginatively, imagine, imagined, imagines, imagining, imaginings"
snowball,manag,10,"manage, manageable, managed, management, managements, manager, managers, manages, managing, managment"
snowball,compet,10,"compete, competed, competence, competency, competent, competently, competes, competing, competion, competiveness"
snowball,consult,10,"consult, consultancy, consultant, consultants, consultation, consultations, consultative, consulted, consulter, consulting"
snowball,measur,10,"measur, measurable, measurably, measure, measured, measurement, measurements, measurer, measures, measuring"
snowball,public,10,"public, publically, publication, publications, publicity, publicize, publicized, publicizing, publicly, publics"
snowball,refin,10,"refinance, refine, refined, refinement, refinements, refiner, refiners, refines, refining, refiningly"
snowball,defer,10,"defer, deference, deferent, deferents, deferment, deferments, deferred, deferreds, deferring, defers"
snowball,impress,10,"impress, impresse, impressed, impresser, impresses, impressing, impression, impressions, impressive, impressively"
snowball,advis,10,"advisability, advisable, advise, advised, advisedly, advisement, adviser, advisers, advises, advising"
snowball,intent,10,"intent, intented, intention, intentional, intentionally, intentioned, intentions, intently, intentness, intents"
snowball,appreci,10,"appreciable, appreciably, appreciate, appreciated, appreciates, appreciating, appreciation, appreciations, appreciative, appreciatively"
snowball,market,10,"market, marketability, marketable, marketed, marketeers, marketer, marketers, marketing, marketings, markets"
snowball,predict,10,"predict, predictability, predictable, predictably, predicted, predicting, prediction, predictions, predictive, predicts"
snowball,protest,10,"protest, protestant, protestants, protestation, protestations, protested, protester, protesters, protesting, protests"
snowball,restor,10,"restorability, restoration, restorative, restoratives, restore, restored, restorer, restorers, restores, restoring"
snowball,suggest,10,"suggest, suggested, suggestibility, suggesting, suggestion, suggestions, suggestive, suggestively, suggestiveness, suggests"
snowball,revers,10,"reversal, reversals, reverse, reversed, reverses, reversibility, reversible, reversing, reversion, reversions"
snowball,travel,10,"travel, traveled, traveler, travelers, traveling, travelled, traveller, travellers, travelling, travels"
snowball,select,10,"select, selected, selecting, selection, selections, selective, selectively, selectiveness, selectivity, selects"
snowball,solicit,10,"solicit, solicitation, solicitations, solicited, solicites, soliciting, solicitous, solicitously, solicitousness, solicits"
snowball,intern,10,"intern, internal, internalized, internally, internation, international, internationally, interne, interned, interns"
snowball,adventur,10,"adventur, adventure, adventured, adventurer, adventurers, adventures, adventuring, adventurism, adventurous, adventurously"
snowball,elev,10,"elevate, elevated, elevates, elevating, elevation, elevations, elevator, elevators, eleve, eleves"
snowball,instruct,10,"instruct, instructed, instructer, instructers, instructing, instruction, instructional, instructions, instructive, instructs"
snowball,human,10,"human, humane, humanely, humanism, humanities, humanity, humanize, humanly, humanness, humans"
snowball,disput,10,"disputable, disputation, disputations, dispute, disputed, disputer, disputers, disputes, disputing, disputings"
snowball,divin,10,"divination, divinations, divine, divined, divinely, divineness, diviners, divining, divinities, divinity"
snowball,subsid,10,"subside, subsided, subsidence, subsides, subsiding, subsidization, subsidize, subsidized, subsidizes, subsidizing"
snowball,deduct,10,"deduct, deductable, deducted, deductibility, deductible, deductibles, deducting, deduction, deductions, deductive"
snowball,indic,10,"indicate, indicated, indicates, indicating, indication, indications, indicative, indicator, indicators, indices"
snowball,specul,10,"speculate, speculated, speculates, speculating, speculation, speculations, speculative, speculatively, speculator, speculators"
snowball,cooper,10,"cooper, cooperate, cooperated, cooperates, cooperating, cooperation, cooperative, cooperatives, coopering, coopers"
snowball,reform,10,"reform, reformate, reformation, reforme, reformed, reformer, reformers, reforming, reformism, reforms"
snowball,precipit,10,"precipitance, precipitancy, precipitant, precipitate, precipitated, precipitately, precipitating, precipitation, precipitators, precipitous"
snowball,special,10,"special, specialities, speciality, specialization, specialize, specialized, specializes, specializing, speciall, specially"
